{
    "accuracy": 0.792289156626506,
    "precision": 0.7802303262955854,
    "recall": 0.8009852216748768,
    "auc": 0.875968491495492
}